Date;Cap_Mercado
Oct 14, 2021;393781061788
Oct 13, 2021;398481758407
Oct 12, 2021;386078107940
Oct 11, 2021;394100271696
Oct 10, 2021;388002749338
Oct 09, 2021;400005554456
Oct 08, 2021;395385744220
Oct 07, 2021;400768726529
Oct 06, 2021;388016529602
Oct 05, 2021;390106877752
Oct 04, 2021;376452153308
Oct 03, 2021;387313140890
Oct 02, 2021;386921294242
Oct 01, 2021;393650236229
Sep 30, 2021;366875921527
Sep 29, 2021;359157011738
Sep 28, 2021;352253593692
Sep 27, 2021;365308515155
Sep 26, 2021;377490250540
Sep 25, 2021;393394259725
Sep 24, 2021;387641647059
Sep 23, 2021;394999160605
Sep 22, 2021;382498828660
Sep 21, 2021;338986323070
Sep 20, 2021;349746347691
Sep 19, 2021;386593090711
Sep 18, 2021;401444869196
Sep 17, 2021;395427059957
Sep 16, 2021;405097283493
Sep 15, 2021;419836240111
Sep 14, 2021;400221679111
Sep 13, 2021;403668538230
Sep 12, 2021;433748889725
Sep 11, 2021;442522711319
Sep 10, 2021;397198150997
Sep 09, 2021;429130740452
Sep 08, 2021;409880185156
Sep 07, 2021;414395299537
Sep 06, 2021;471062435484
Sep 05, 2021;483756217907
Sep 04, 2021;470790663280
Sep 03, 2021;492555182638
Sep 02, 2021;492015122567
Sep 01, 2021;475334307487
Aug 31, 2021;462071725524
Aug 30, 2021;457258867902
Aug 29, 2021;477853697326
Aug 28, 2021;476432200371
Aug 27, 2021;497184398552
Aug 26, 2021;424884854194
Aug 25, 2021;461780633776
Aug 24, 2021;470670827257
Aug 23, 2021;506678662588
Aug 22, 2021;468927637379
Aug 21, 2021;420992017908
Aug 20, 2021;427631930688
Aug 19, 2021;419662453103
Aug 18, 2021;358754893750
Aug 17, 2021;325653539017
Aug 16, 2021;350670162156
Aug 15, 2021;365625811781
Aug 14, 2021;369424316309
Aug 13, 2021;360381626142
Aug 12, 2021;305712664252
Aug 11, 2021;299671646400
Aug 10, 2021;280954672254
Aug 09, 2021;248493874640
Aug 08, 2021;240134359419
Aug 07, 2021;247162643666
Aug 06, 2021;236063830709
Aug 05, 2021;229887829252
Aug 04, 2021;229561972299
Aug 03, 2021;226670129299
Aug 02, 2021;218973026974
Aug 01, 2021;220201735681
Jul 31, 2021;220866319163
Jul 30, 2021;213296132907
Jul 29, 2021;210664429328
Jul 28, 2021;212783615092
Jul 27, 2021;212060234185
Jul 26, 2021;209661900207
Jul 25, 2021;204837097374
Jul 24, 2021;205548940048
Jul 23, 2021;201037350400
Jul 22, 2021;197204898776
Jul 21, 2021;195403136008
Jul 20, 2021;177762560328
Jul 19, 2021;183804411271
Jul 18, 2021;194023231383
Jul 17, 2021;192145507308
Jul 16, 2021;192243642209
Jul 15, 2021;198772040934
Jul 14, 2021;208857323863
Jul 13, 2021;209738272472
Jul 12, 2021;221616307848
Jul 11, 2021;226484752202
Jul 10, 2021;224487069940
Jul 09, 2021;226749670001
Jul 08, 2021;222346092458
Jul 07, 2021;232952809852
Jul 06, 2021;230682509010
Jul 05, 2021;227126488242
Jul 04, 2021;235651343466
Jul 03, 2021;227461343151
Jul 02, 2021;224892163359
Jul 01, 2021;212084976641
Jun 30, 2021;219074870476
Jun 29, 2021;215347741505
Jun 28, 2021;208853960538
Jun 27, 2021;210480072371
Jun 26, 2021;197118280958
Jun 25, 2021;197263356675
Jun 24, 2021;215167420973
Jun 23, 2021;198478061359
Jun 22, 2021;184745470728
Jun 21, 2021;191744604970
Jun 20, 2021;232402490794
Jun 19, 2021;226122792253
Jun 18, 2021;226472385085
Jun 17, 2021;239395434876
Jun 16, 2021;238959341294
Jun 15, 2021;258289977616
Jun 14, 2021;257552740278
Jun 13, 2021;254708951233
Jun 12, 2021;241937524266
Jun 11, 2021;232023346180
Jun 10, 2021;247764543456
Jun 09, 2021;261285807943
Jun 08, 2021;255916447592
Jun 07, 2021;252021222807
Jun 06, 2021;270701852245
Jun 05, 2021;267598564341
Jun 04, 2021;277566669143
Jun 03, 2021;298464548824
Jun 02, 2021;288482821173
Jun 01, 2021;289205348307
May 31, 2021;291723617461
May 30, 2021;263363014803
May 29, 2021;234802891608
May 28, 2021;253105951465
May 27, 2021;279334834877
May 26, 2021;303691879598
May 25, 2021;264363188978
May 24, 2021;265551150270
May 23, 2021;227255342314
May 22, 2021;250948261365
May 21, 2021;261958085626
May 20, 2021;307126377523
May 19, 2021;249187076699
May 18, 2021;337543843858
May 17, 2021;342232389050
May 16, 2021;388923577681
May 15, 2021;366171185480
May 14, 2021;340034258464
May 13, 2021;327673688282
May 12, 2021;259095418790
May 11, 2021;294426571495
May 10, 2021;275179525449
May 09, 2021;296210963538
May 08, 2021;270886755662
May 07, 2021;278747058355
May 06, 2021;282271502049
May 05, 2021;256676156957
May 04, 2021;221442951135
May 03, 2021;236771363832
May 02, 2021;230537614484
May 01, 2021;235090215981
Apr 30, 2021;230659718639
Apr 29, 2021;223273537020
Apr 28, 2021;232670546281
Apr 27, 2021;227008768765
Apr 26, 2021;215992903060
Apr 25, 2021;190402635758
Apr 24, 2021;192666947011
Apr 23, 2021;201040533398
Apr 22, 2021;204092100039
Apr 21, 2021;214721695110
Apr 20, 2021;224292841051
Apr 19, 2021;213887318655
Apr 18, 2021;227722136142
Apr 17, 2021;247263640910
Apr 16, 2021;254254002833
Apr 15, 2021;267622935028
Apr 14, 2021;265867477703
Apr 13, 2021;258609329157
Apr 12, 2021;238773952572
Apr 11, 2021;230379701023
Apr 10, 2021;221194823004
Apr 09, 2021;214107001676
Apr 08, 2021;218695862944
Apr 07, 2021;210017482120
Apr 06, 2021;227170938418
Apr 05, 2021;221599925071
Apr 04, 2021;217268459228
Apr 03, 2021;213959978186
Apr 02, 2021;218230994541
Apr 01, 2021;214029752774
Mar 31, 2021;220103860364
Mar 30, 2021;224153300090
Mar 29, 2021;221063770942
Mar 28, 2021;219048686700
Mar 27, 2021;216373494049
Mar 26, 2021;219107739499
Mar 25, 2021;197829296587
Mar 24, 2021;189622867756
Mar 23, 2021;197282150071
Mar 22, 2021;194681879068
Mar 21, 2021;208601085431
Mar 20, 2021;211653647421
Mar 19, 2021;231326553268
Mar 18, 2021;221057642189
Mar 17, 2021;247751557100
Mar 16, 2021;223020606854
Mar 15, 2021;182159471657
Mar 14, 2021;187905031189
Mar 13, 2021;195739558752
Mar 12, 2021;183795700915
Mar 11, 2021;203841990555
Mar 10, 2021;210417716156
Mar 09, 2021;224373111369
Mar 08, 2021;203344541824
Mar 07, 2021;206069882436
Mar 06, 2021;205641716908
Mar 05, 2021;211674341486
Mar 04, 2021;200151801464
Mar 03, 2021;220630823639
Mar 02, 2021;220921908602
Mar 01, 2021;231424121448
Feb 28, 2021;227870458941
Feb 27, 2021;230797318636
Feb 26, 2021;213573018484
Feb 25, 2021;181519938400
Feb 24, 2021;178034164526
Feb 23, 2021;162361608865
Feb 22, 2021;184094390849
Feb 21, 2021;184302002721
Feb 20, 2021;188053850417
Feb 19, 2021;156642732692
Feb 18, 2021;153900073997
Feb 17, 2021;148877271671
Feb 16, 2021;145494322834
Feb 15, 2021;143860779922
Feb 14, 2021;141748729244
Feb 13, 2021;151325011709
Feb 12, 2021;154549476165
Feb 11, 2021;155471345020
Feb 10, 2021;155675176495
Feb 09, 2021;117451733150
Feb 08, 2021;114076547065
Feb 07, 2021;110826339298
Feb 06, 2021;104918998927
Feb 05, 2021;90821947198
Feb 04, 2021;73464564313
Feb 03, 2021;73729257431
Feb 02, 2021;72034391739
Feb 01, 2021;68323828317
Jan 31, 2021;58613881240
Jan 30, 2021;61624759542
Jan 29, 2021;58929351081
Jan 28, 2021;58313722981
Jan 27, 2021;52174163337
Jan 26, 2021;58554583627
Jan 25, 2021;58497593360
Jan 24, 2021;60193418450
Jan 23, 2021;58792251935
Jan 22, 2021;58197414578
Jan 21, 2021;51073087321
Jan 20, 2021;62573748777
Jan 19, 2021;60827926060
Jan 18, 2021;61141293397
Jan 17, 2021;62555613554
Jan 16, 2021;58041004421
Jan 15, 2021;48919431441
Jan 14, 2021;51172449976
Jan 13, 2021;51936352301
Jan 12, 2021;49023173861
Jan 11, 2021;46449521138
Jan 10, 2021;51371326874
Jan 09, 2021;56128379229
Jan 08, 2021;51445221513
Jan 07, 2021;49599900106
Jan 06, 2021;54583190666
Jan 05, 2021;42568811874
Jan 04, 2021;36421205439
Jan 03, 2021;33123064290
Jan 02, 2021;28667852979
Jan 01, 2021;28334058493
Dec 31, 2020;29312746752
Dec 30, 2020;29832697744
Dec 29, 2020;31370255422
Dec 28, 2020;28652927134
Dec 27, 2020;25063871159
Dec 26, 2020;25615993462
Dec 25, 2020;25573801559
Dec 24, 2020;24813675174
Dec 23, 2020;21897576974
Dec 22, 2020;24892802845
Dec 21, 2020;24236761220
Dec 20, 2020;25716407938
Dec 19, 2020;26149031906
Dec 18, 2020;25966764923
Dec 17, 2020;25858499338
Dec 16, 2020;26501221123
Dec 15, 2020;24576318389
Dec 14, 2020;24907506158
Dec 13, 2020;24268156563
Dec 12, 2020;22770052198
Dec 11, 2020;21803656292
Dec 10, 2020;22845304657
Dec 09, 2020;23608530574
Dec 08, 2020;22358774329
Dec 07, 2020;24727372682
Dec 06, 2020;25488915736
Dec 05, 2020;25617443656
Dec 04, 2020;23764563956
Dec 03, 2020;26658474724
Dec 02, 2020;25683261455
Dec 01, 2020;25879185077
Nov 30, 2020;28493238635
Nov 29, 2020;27706776171
Nov 28, 2020;27399493023
Nov 27, 2020;23417348810
Nov 26, 2020;22907453562
Nov 25, 2020;25943362407
Nov 24, 2020;28159217988
Nov 23, 2020;25697157810
Nov 22, 2020;24231155258
Nov 21, 2020;22253431151
Nov 20, 2020;19516299691
Nov 19, 2020;17664414570
Nov 18, 2020;17641716840
Nov 17, 2020;18470923450
Nov 16, 2020;17665324144
Nov 15, 2020;17072949954
Nov 14, 2020;17696295200
Nov 13, 2020;18066748338
Nov 12, 2020;17534643086
Nov 11, 2020;17853341193
Nov 10, 2020;17728670649
Nov 09, 2020;17581892671
Nov 08, 2020;17796356742
Nov 07, 2020;16921414322
Nov 06, 2020;18755323207
Nov 05, 2020;17093057404
Nov 04, 2020;17082582173
Nov 03, 2020;16694481063
Nov 02, 2020;16453132863
Nov 01, 2020;17545416895
Oct 31, 2020;16626858719
Oct 30, 2020;16786758484
Oct 29, 2020;17051720573
Oct 28, 2020;17572973342
Oct 27, 2020;17992930559
Oct 26, 2020;18024170780
Oct 25, 2020;18593163855
Oct 24, 2020;18894650131
Oct 23, 2020;18807054036
Oct 22, 2020;19297241447
Oct 21, 2020;18519765807
Oct 20, 2020;17878835593
Oct 19, 2020;19088481202
Oct 18, 2020;18871893689
Oct 17, 2020;18646138880
Oct 16, 2020;18170802445
Oct 15, 2020;18549871820
Oct 14, 2020;18593845534
Oct 13, 2020;18732848314
Oct 12, 2020;18919317782
Oct 11, 2020;18331666237
Oct 10, 2020;18071386910
Oct 09, 2020;17757804872
Oct 08, 2020;16789954446
Oct 07, 2020;16328811165
Oct 06, 2020;16097533377
Oct 05, 2020;17255187960
Oct 04, 2020;17035855926
Oct 03, 2020;16516770875
Oct 02, 2020;16315595788
Oct 01, 2020;17083923121
Sep 30, 2020;17708609266
Sep 29, 2020;17822929952
Sep 28, 2020;17414310629
Sep 27, 2020;17525424299
Sep 26, 2020;16535115877
Sep 25, 2020;16601855148
Sep 24, 2020;14413406214
Sep 23, 2020;13067978026
Sep 22, 2020;13772395179
Sep 21, 2020;13507428627
Sep 20, 2020;15001148089
Sep 19, 2020;15374205103
Sep 18, 2020;14847453612
Sep 17, 2020;15353908734
Sep 16, 2020;15043935216
Sep 15, 2020;15329036980
Sep 14, 2020;13355284066
Sep 13, 2020;13078017156
Sep 12, 2020;13456113647
Sep 11, 2020;13382672334
Sep 10, 2020;13372909192
Sep 09, 2020;12976680823
Sep 08, 2020;12505862293
Sep 07, 2020;12836142625
Sep 06, 2020;12793676517
Sep 05, 2020;12362513614
Sep 04, 2020;14055018104
Sep 03, 2020;13313506704
Sep 02, 2020;16182626221
Sep 01, 2020;17859683596
Aug 31, 2020;17152942329
Aug 30, 2020;16415923971
Aug 29, 2020;16314487423
Aug 28, 2020;15806459004
Aug 27, 2020;15534088210
Aug 26, 2020;16467339685
Aug 25, 2020;16481957917
Aug 24, 2020;18152783050
Aug 23, 2020;17717876655
Aug 22, 2020;18254175792
Aug 21, 2020;17831637008
Aug 20, 2020;19257097281
Aug 19, 2020;18328589477
Aug 18, 2020;19632560107
Aug 17, 2020;19824971486
Aug 16, 2020;19466779240
Aug 15, 2020;19443227574
Aug 14, 2020;19255180461
Aug 13, 2020;19909545179
Aug 12, 2020;19172134262
Aug 11, 2020;19532236247
Aug 10, 2020;20284549600
Aug 09, 2020;20480028168
Aug 08, 2020;20551274173
Aug 07, 2020;19244834046
Aug 06, 2020;19761646766
Aug 05, 2020;19577486984
Aug 04, 2020;19727490623
Aug 03, 2020;18598181034
Aug 02, 2020;18077591765
Aug 01, 2020;19440903990
Jul 31, 2020;18554821777
Jul 30, 2020;18845985244
Jul 29, 2020;18687833609
Jul 28, 2020;19820687415
Jul 27, 2020;18821811322
Jul 26, 2020;20085293071
Jul 25, 2020;19470986998
Jul 24, 2020;16471229412
Jul 23, 2020;16430098311
Jul 22, 2020;16613478268
Jul 21, 2020;16990766759
Jul 20, 2020;16461505712
Jul 19, 2020;17278086670
Jul 18, 2020;17105715869
Jul 17, 2020;16930917349
Jul 16, 2020;17528362371
Jul 15, 2020;18146063303
Jul 14, 2020;18486228613
Jul 13, 2020;17141515828
Jul 12, 2020;17514936327
Jul 11, 2020;17298150933
Jul 10, 2020;16377578634
Jul 09, 2020;17221671006
Jul 08, 2020;18117828681
Jul 07, 2020;16325367337
Jul 06, 2020;14308805309
Jul 05, 2020;13534178914
Jul 04, 2020;13774183089
Jul 03, 2020;13416806800
Jul 02, 2020;13005916223
Jul 01, 2020;13590616695
Jun 30, 2020;11645650816
Jun 29, 2020;11406316986
Jun 28, 2020;11420016522
Jun 27, 2020;11034585408
Jun 26, 2020;11197993671
Jun 25, 2020;11327946995
Jun 24, 2020;11032333879
Jun 23, 2020;11298203276
Jun 22, 2020;11369888069
Jun 21, 2020;10806922064
Jun 20, 2020;10925800513
Jun 19, 2020;11099268448
Jun 18, 2020;11141131049
Jun 17, 2020;11345343417
Jun 16, 2020;10570468236
Jun 15, 2020;10898525129
Jun 14, 2020;10047321409
Jun 13, 2020;10345853771
Jun 12, 2020;10264598703
Jun 11, 2020;9718540214
Jun 10, 2020;10611948182
Jun 09, 2020;10429907541
Jun 08, 2020;11116763515
Jun 07, 2020;11155790608
Jun 06, 2020;11074879363
Jun 05, 2020;11338809986
Jun 04, 2020;11683615846
Jun 03, 2020;11520026280
Jun 02, 2020;10919245464
Jun 01, 2020;11230155472
May 31, 2020;10284238434
May 30, 2020;10644654088
May 29, 2020;9060561922
May 28, 2020;8827807613
May 27, 2020;7648937089
May 26, 2020;7542623924
May 25, 2020;7675451428
May 24, 2020;7547826824
May 23, 2020;7932138781
May 22, 2020;8039797465
May 21, 2020;7712621710
May 20, 2020;8488423869
May 19, 2020;8372420735
May 18, 2020;8234211306
May 17, 2020;7796297960
May 16, 2020;7733765784
May 15, 2020;7602756194
May 14, 2020;7768606480
May 13, 2020;7855549692
May 12, 2020;7606504467
May 11, 2020;7149874299
May 10, 2020;7085812771
May 09, 2020;7689231110
May 08, 2020;7909158617
May 07, 2020;7572375735
May 06, 2020;7199624476
May 05, 2020;7092226569
May 04, 2020;7065026275
May 03, 2020;6961214562
May 02, 2020;7257773479
May 01, 2020;7292969698
Apr 30, 2020;6619831683
Apr 29, 2020;7368218847
Apr 28, 2020;6920016613
Apr 27, 2020;6758326517
Apr 26, 2020;6653413645
Apr 25, 2020;6150118970
Apr 24, 2020;6008366131
Apr 23, 2020;5746163928
Apr 22, 2020;5040634852
Apr 21, 2020;4783257595
Apr 20, 2020;4638909211
Apr 19, 2020;4863041967
Apr 18, 2020;4960530370
Apr 17, 2020;4691964131
Apr 16, 2020;4674377249
Apr 15, 2020;4265823022
Apr 14, 2020;4445655970
Apr 13, 2020;4383717927
Apr 12, 2020;4476208893
Apr 11, 2020;4416393156
Apr 10, 2020;4398304386
Apr 09, 2020;4808304240
Apr 08, 2020;4917610324
Apr 07, 2020;4815074126
Apr 06, 2020;4934933341
Apr 05, 2020;4436420787
Apr 04, 2020;4506006200
Apr 03, 2020;4401747282
Apr 02, 2020;4353211825
Apr 01, 2020;4164352958
Mar 31, 2020;4114421628
Mar 30, 2020;3951780610
Mar 29, 2020;3735628746
Mar 28, 2020;3936951911
Mar 27, 2020;3816965083
Mar 26, 2020;4011299350
Mar 25, 2020;3892192600
Mar 24, 2020;4022117418
Mar 23, 2020;3811023692
Mar 22, 2020;3556565439
Mar 21, 2020;3861785023
Mar 20, 2020;3879713693
Mar 19, 2020;4032503207
Mar 18, 2020;3291880729
Mar 17, 2020;3272921670
Mar 16, 2020;3039075279
Mar 15, 2020;3416937214
Mar 14, 2020;3277018204
Mar 13, 2020;3533197409
Mar 12, 2020;2991296680
Mar 11, 2020;4774073146
Mar 10, 2020;5082955834
Mar 09, 2020;4976360163
Mar 08, 2020;5193751454
Mar 07, 2020;5871161835
Mar 06, 2020;6146100672
Mar 05, 2020;6069317381
Mar 04, 2020;5736063305
Mar 03, 2020;5656283496
Mar 02, 2020;5684547185
Mar 01, 2020;5326931318
Feb 29, 2020;5513501343
Feb 28, 2020;5654888920
Feb 27, 2020;5733358861
Feb 26, 2020;5626576279
Feb 25, 2020;6412549370
Feb 24, 2020;6711193967
Feb 23, 2020;7000427801
Feb 22, 2020;6639203274
Feb 21, 2020;6680313086
Feb 20, 2020;6593969560
Feb 19, 2020;6510963987
Feb 18, 2020;7024106359
Feb 17, 2020;6690330302
Feb 16, 2020;6981130276
Feb 15, 2020;7115894390
Feb 14, 2020;7938201447
Feb 13, 2020;7745460161
Feb 12, 2020;7679168943
Feb 11, 2020;7089369221
Feb 10, 2020;6765412840
Feb 09, 2020;6923891576
Feb 08, 2020;6715011227
Feb 07, 2020;6638681347
Feb 06, 2020;6561662372
Feb 05, 2020;6534946040
Feb 04, 2020;6167904186
Feb 03, 2020;6326998644
Feb 02, 2020;6192051224
Feb 01, 2020;6228000748
Jan 31, 2020;5918686002
Jan 30, 2020;6149677205
Jan 29, 2020;5820093490
Jan 28, 2020;5766295740
Jan 27, 2020;5194891020
Jan 26, 2020;4833054961
Jan 25, 2020;4688602012
Jan 24, 2020;4866203443
Jan 23, 2020;4699542544
Jan 22, 2020;4985950400
Jan 21, 2020;4996039418
Jan 20, 2020;4733990786
Jan 19, 2020;4529768144
Jan 18, 2020;4839720722
Jan 17, 2020;4880361761
Jan 16, 2020;4481369340
Jan 15, 2020;4559708498
Jan 14, 2020;4479435386
Jan 13, 2020;3925972323
Jan 12, 2020;4002908136
Jan 11, 2020;3910551434
Jan 10, 2020;3913404319
Jan 09, 2020;3831410335
Jan 08, 2020;3842535597
Jan 07, 2020;3901603874
Jan 06, 2020;3920685598
Jan 05, 2020;3661033833
Jan 04, 2020;3647675459
Jan 03, 2020;3566865661
Jan 02, 2020;3413296926
Jan 01, 2020;3487180464
Dec 31, 2019;3422573091
Dec 30, 2019;3522991775
Dec 29, 2019;3596979251
Dec 28, 2019;3528592660
Dec 27, 2019;3479818567
Dec 26, 2019;3630299084
Dec 25, 2019;3571576264
Dec 24, 2019;3616802814
Dec 23, 2019;3531225848
Dec 22, 2019;3664223259
Dec 21, 2019;3536189756
Dec 20, 2019;3588244480
Dec 19, 2019;3502970470
Dec 18, 2019;3638427774
Dec 17, 2019;3350244764
Dec 16, 2019;3650170431
Dec 15, 2019;3904275630
Dec 14, 2019;3880173548
Dec 13, 2019;3935686529
Dec 12, 2019;3927609220
Dec 11, 2019;3940857980
Dec 10, 2019;3931807625
Dec 09, 2019;4024649781
Dec 08, 2019;4181978234
Dec 07, 2019;4161554346
Dec 06, 2019;4158603291
Dec 05, 2019;4131513851
Dec 04, 2019;4078697682
Dec 03, 2019;4152239112
Dec 02, 2019;4180972758
Dec 01, 2019;4351630367
Nov 30, 2019;4444236903
Nov 29, 2019;4499466959
Nov 28, 2019;4332665328
Nov 27, 2019;4285780100
Nov 26, 2019;4054094071
Nov 25, 2019;3922534445
Nov 24, 2019;3872029539
Nov 23, 2019;4171833688
Nov 22, 2019;4038503781
Nov 21, 2019;4178686906
Nov 20, 2019;4477019355
Nov 19, 2019;4652214355
Nov 18, 2019;4764326701
Nov 17, 2019;4942845747
Nov 16, 2019;4805654070
Nov 15, 2019;4783752323
Nov 14, 2019;4661776743
Nov 13, 2019;4701325844
Nov 12, 2019;4712394825
Nov 11, 2019;4662521910
Nov 10, 2019;4744896422
Nov 09, 2019;4581632296
Nov 08, 2019;4497320765
Nov 07, 2019;4620890035
Nov 06, 2019;4654846093
Nov 05, 2019;4611367908
Nov 04, 2019;4472299266
Nov 03, 2019;4337209251
Nov 02, 2019;4407165695
Nov 01, 2019;4410658427
Oct 31, 2019;4304463550
Oct 30, 2019;4350376657
Oct 29, 2019;4494596787
Oct 28, 2019;4398419702
Oct 27, 2019;4395514355
Oct 26, 2019;4209830969
Oct 25, 2019;4323265426
Oct 24, 2019;3941963944
Oct 23, 2019;3851535216
Oct 22, 2019;4154565977
Oct 21, 2019;4193856841
Oct 20, 2019;4215346456
Oct 19, 2019;4182988727
Oct 18, 2019;4108934051
Oct 17, 2019;4252902165
Oct 16, 2019;4198332421
Oct 15, 2019;4253597373
Oct 14, 2019;4449558678
Oct 13, 2019;4403570158
Oct 12, 2019;4320197989
Oct 11, 2019;4334153644
Oct 10, 2019;4439109317
Oct 09, 2019;4525062947
Oct 08, 2019;4411972765
Oct 07, 2019;4380185308
Oct 06, 2019;4136632558
Oct 05, 2019;4179363551
Oct 04, 2019;4200636404
Oct 03, 2019;4105754571
Oct 02, 2019;4250913440
Oct 01, 2019;4149700052
Sep 30, 2019;4190528055
Sep 29, 2019;4042027572
Sep 28, 2019;4186306886
Sep 27, 2019;4274866686
Sep 26, 2019;4112158938
Sep 25, 2019;4252453235
Sep 24, 2019;4055332139
Sep 23, 2019;4976144851
Sep 22, 2019;5280687831
Sep 21, 2019;5582872778
Sep 20, 2019;5656776239
Sep 19, 2019;5596071266
Sep 18, 2019;5634116161
Sep 17, 2019;5185820588
Sep 16, 2019;4984293194
Sep 15, 2019;4956544365
Sep 14, 2019;4927544514
Sep 13, 2019;4816380794
Sep 12, 2019;4794349215
Sep 11, 2019;4760462610
Sep 10, 2019;4937980472
Sep 09, 2019;4945683419
Sep 08, 2019;4920114562
Sep 07, 2019;4865257025
Sep 06, 2019;4729959718
Sep 05, 2019;4717548412
Sep 04, 2019;4916988674
Sep 03, 2019;5075781829
Sep 02, 2019;4874630742
Sep 01, 2019;4787349160
Aug 31, 2019;4835474790
Aug 30, 2019;4845311959
Aug 29, 2019;4830661598
Aug 28, 2019;4902924048
Aug 27, 2019;5368767703
Aug 26, 2019;5311557312
Aug 25, 2019;5282587890
Aug 24, 2019;5360394328
Aug 23, 2019;5253109067
Aug 22, 2019;5157116826
Aug 21, 2019;4949924739
Aug 20, 2019;5197429547
Aug 19, 2019;5223340146
Aug 18, 2019;5269280708
Aug 17, 2019;4922553148
Aug 16, 2019;4847645211
Aug 15, 2019;4991994415
Aug 14, 2019;4829379515
Aug 13, 2019;5430983067
Aug 12, 2019;5408295100
Aug 11, 2019;5619320366
Aug 10, 2019;5312696629
Aug 09, 2019;4841377831
Aug 08, 2019;5347844968
Aug 07, 2019;5329682934
Aug 06, 2019;5499661650
Aug 05, 2019;5715506294
Aug 04, 2019;5671758598
Aug 03, 2019;5822187541
Aug 02, 2019;5714082063
Aug 01, 2019;5820418287
Jul 31, 2019;5911818280
Jul 30, 2019;5876967015
Jul 29, 2019;5914715948
Jul 28, 2019;5825043513
Jul 27, 2019;5863862682
Jul 26, 2019;6161185355
Jul 25, 2019;5745957031
Jul 24, 2019;5777502037
Jul 23, 2019;5413791219
Jul 22, 2019;5780622152
Jul 21, 2019;5948784763
Jul 20, 2019;6118750601
Jul 19, 2019;5764983475
Jul 18, 2019;5737859828
Jul 17, 2019;5397157585
Jul 16, 2019;5067853848
Jul 15, 2019;5771093080
Jul 14, 2019;5759757676
Jul 13, 2019;6471174201
Jul 12, 2019;6793144574
Jul 11, 2019;6345648711
Jul 10, 2019;7091822317
Jul 09, 2019;7689575804
Jul 08, 2019;7971270618
Jul 07, 2019;7923666043
Jul 06, 2019;7663420263
Jul 05, 2019;7544538029
Jul 04, 2019;7716124567
Jul 03, 2019;8271690324
Jul 02, 2019;8074119676
Jul 01, 2019;8371052018
Jun 30, 2019;8194278597
Jun 29, 2019;9025155149
Jun 28, 2019;8842764276
Jun 27, 2019;8616662750
Jun 26, 2019;9656748651
Jun 25, 2019;9561242158
Jun 24, 2019;9681529896
Jun 23, 2019;9576801393
Jun 22, 2019;9351144740
Jun 21, 2019;8921695483
Jun 20, 2019;8697680204
Jun 19, 2019;9006873179
Jun 18, 2019;8988105725
Jun 17, 2019;9448390100
Jun 16, 2019;9326945611
Jun 15, 2019;9262249351
Jun 14, 2019;9044265428
Jun 13, 2019;8998194771
Jun 12, 2019;9651775701
Jun 11, 2019;8862556914
Jun 10, 2019;8605000653
Jun 09, 2019;7990879330
Jun 08, 2019;8467745718
Jun 07, 2019;8631929731
Jun 06, 2019;8398895354
Jun 05, 2019;8339664941
Jun 04, 2019;8309409008
Jun 03, 2019;9023463477
Jun 02, 2019;9826610388
Jun 01, 2019;9211550924
May 31, 2019;9222504015
May 30, 2019;8709595294
May 29, 2019;9484027811
May 28, 2019;9730814688
May 27, 2019;9560354375
May 26, 2019;8970116957
May 25, 2019;8396084108
May 24, 2019;8474661283
May 23, 2019;8452742577
May 22, 2019;8163966113
May 21, 2019;8988319808
May 20, 2019;9013496034
May 19, 2019;9245269911
May 18, 2019;8406531393
May 17, 2019;8737883532
May 16, 2019;9146484833
May 15, 2019;9686698496
May 14, 2019;8751498457
May 13, 2019;7497408052
May 12, 2019;7192612528
May 11, 2019;7714448903
May 10, 2019;6491129047
May 09, 2019;6282440310
May 08, 2019;6651661757
May 07, 2019;6590091859
May 06, 2019;6818135954
May 05, 2019;6756157382
May 04, 2019;6831119157
May 03, 2019;7187990378
May 02, 2019;6972266879
May 01, 2019;7035511796
Apr 30, 2019;7196566530
Apr 29, 2019;6586477365
Apr 28, 2019;6984345916
Apr 27, 2019;7152654741
Apr 26, 2019;7097633304
Apr 25, 2019;7165167300
Apr 24, 2019;7382982821
Apr 23, 2019;7604089890
Apr 22, 2019;7946260874
Apr 21, 2019;7562478863
Apr 20, 2019;7807392854
Apr 19, 2019;8096019299
Apr 18, 2019;8350648383
Apr 17, 2019;8411273228
Apr 16, 2019;8411006556
Apr 15, 2019;8285021756
Apr 14, 2019;8522206767
Apr 13, 2019;8427108288
Apr 12, 2019;8345967798
Apr 11, 2019;8270079691
Apr 10, 2019;8979632310
Apr 09, 2019;8359120781
Apr 08, 2019;8737649147
Apr 07, 2019;9091910964
Apr 06, 2019;9072282841
Apr 05, 2019;9127677682
Apr 04, 2019;8766445156
Apr 03, 2019;9058302042
Apr 02, 2019;8535807056
Apr 01, 2019;7356915599
Mar 31, 2019;7092743675
Mar 30, 2019;7295070926
Mar 29, 2019;7210818462
Mar 28, 2019;6814182386
Mar 27, 2019;6794817173
Mar 26, 2019;6233820984
Mar 25, 2019;5975098428
Mar 24, 2019;6247994228
Mar 23, 2019;6460790958
Mar 22, 2019;5709189508
Mar 21, 2019;5178368294
Mar 20, 2019;5294524631
Mar 19, 2019;5170638845
Mar 18, 2019;4987694972
Mar 17, 2019;4964465036
Mar 16, 2019;5104287973
Mar 15, 2019;4988394102
Mar 14, 2019;4753867581
Mar 13, 2019;4606100124
Mar 12, 2019;4717230843
Mar 11, 2019;4777169246
Mar 10, 2019;4583003209
Mar 09, 2019;4685666080
Mar 08, 2019;4281425214
Mar 07, 2019;4275949457
Mar 06, 2019;4194379088
Mar 05, 2019;4230008669
Mar 04, 2019;3973069381
Mar 03, 2019;4144314300
Mar 02, 2019;4196299462
Mar 01, 2019;4208972600
Feb 28, 2019;4168794245
Feb 27, 2019;4205795192
Feb 26, 2019;4212329846
Feb 25, 2019;4301769863
Feb 24, 2019;4125833061
Feb 23, 2019;4723915641
Feb 22, 2019;4510068383
Feb 21, 2019;4343305660
Feb 20, 2019;4591321855
Feb 19, 2019;4467835011
Feb 18, 2019;4375097704
Feb 17, 2019;3979047295
Feb 16, 2019;3938165744
Feb 15, 2019;3919278720
Feb 14, 2019;3945773166
Feb 13, 2019;3955001140
Feb 12, 2019;4066443618
Feb 11, 2019;4035239451
Feb 10, 2019;4144353874
Feb 09, 2019;3970384892
Feb 08, 2019;3926808602
Feb 07, 2019;3489705988
Feb 06, 2019;3488386790
Feb 05, 2019;3604640099
Feb 04, 2019;3591170700
Feb 03, 2019;3609160390
Feb 02, 2019;3731414122
Feb 01, 2019;3654464209
Jan 31, 2019;3666304292
Jan 30, 2019;3824952262
Jan 29, 2019;3730592048
Jan 28, 2019;3774437888
Jan 27, 2019;4021026108
Jan 26, 2019;4172241548
Jan 25, 2019;4176477437
Jan 24, 2019;4201279641
Jan 23, 2019;4243494992
Jan 22, 2019;4242598942
Jan 21, 2019;4177124004
Jan 20, 2019;4228959041
Jan 19, 2019;4450102869
Jan 18, 2019;4309162750
Jan 17, 2019;4389774977
Jan 16, 2019;4315632076
Jan 15, 2019;4105896349
Jan 14, 2019;4239684722
Jan 13, 2019;3872105581
Jan 12, 2019;4205478299
Jan 11, 2019;4246607485
Jan 10, 2019;4249763402
Jan 09, 2019;5022741885
Jan 08, 2019;4699963184
Jan 07, 2019;4623171101
Jan 06, 2019;4745249363
Jan 05, 2019;4305942256
Jan 04, 2019;4267506248
Jan 03, 2019;4193715011
Jan 02, 2019;4554513046
Jan 01, 2019;4281755529
Dec 31, 2018;4131768353
Dec 30, 2018;4355438964
Dec 29, 2018;4177190569
Dec 28, 2018;4203989537
Dec 27, 2018;3756790408
Dec 26, 2018;4170395759
Dec 25, 2018;4201846031
Dec 24, 2018;4628076893
Dec 23, 2018;4477072772
Dec 22, 2018;4252343739
Dec 21, 2018;4063685292
Dec 20, 2018;3981689641
Dec 19, 2018;3504135873
Dec 18, 2018;3511436235
Dec 17, 2018;3333478123
Dec 16, 2018;2955614023
Dec 15, 2018;2871359387
Dec 14, 2018;2860745857
Dec 13, 2018;2917550388
Dec 12, 2018;3098043692
Dec 11, 2018;3002052357
Dec 10, 2018;3059701788
Dec 09, 2018;3210612428
Dec 08, 2018;3107846292
Dec 07, 2018;3003656169
Dec 06, 2018;3089137214
Dec 05, 2018;3421246421
Dec 04, 2018;3755789154
Dec 03, 2018;3877705119
Dec 02, 2018;4178379534
Dec 01, 2018;4156713797
Nov 30, 2018;3887398137
Nov 29, 2018;4179656663
Nov 28, 2018;4221737538
Nov 27, 2018;3725238355
Nov 26, 2018;3553561412
Nov 25, 2018;3747321770
Nov 24, 2018;3818018339
Nov 23, 2018;4283284851
Nov 22, 2018;4357677705
Nov 21, 2018;4655014070
Nov 20, 2018;4359645174
Nov 19, 2018;5104126605
Nov 18, 2018;6009426405
Nov 17, 2018;5888787295
Nov 16, 2018;5999305545
Nov 15, 2018;6234227428
Nov 14, 2018;6391497959
Nov 13, 2018;7190358857
Nov 12, 2018;7351730641
Nov 11, 2018;7403451638
Nov 10, 2018;7281452942
Nov 09, 2018;7236123376
Nov 08, 2018;7401469113
Nov 07, 2018;7660457566
Nov 06, 2018;7768695596
Nov 05, 2018;7308691512
Nov 04, 2018;7303201946
Nov 03, 2018;6848076937
Nov 02, 2018;6956577209
Nov 01, 2018;6838559802
Oct 31, 2018;6679915586
Oct 30, 2018;6712335609
Oct 29, 2018;6576241576
Oct 28, 2018;6910546378
Oct 27, 2018;6884043786
Oct 26, 2018;7083120335
Oct 25, 2018;7147177918
Oct 24, 2018;7118805975
Oct 23, 2018;7140274424
Oct 22, 2018;7296718604
Oct 21, 2018;7306068668
Oct 20, 2018;7351191634
Oct 19, 2018;7316878455
Oct 18, 2018;7182609376
Oct 17, 2018;7476576692
Oct 16, 2018;7342216769
Oct 15, 2018;7334473620
Oct 14, 2018;6991633698
Oct 13, 2018;7169109429
Oct 12, 2018;7179834702
Oct 11, 2018;6907480671
Oct 10, 2018;8157910491
Oct 09, 2018;8460205464
Oct 08, 2018;8614524881
Oct 07, 2018;8420674398
Oct 06, 2018;8086934070
Oct 05, 2018;8337869762
Oct 04, 2018;8223640402
Oct 03, 2018;8252989896
Oct 02, 2018;8596214748
Oct 01, 2018;8864849981
Sep 30, 2018;8941031441
Sep 29, 2018;8879185823
Sep 28, 2018;8742431883
Sep 27, 2018;8988180152
Sep 26, 2018;8397068980
Sep 25, 2018;8595236474
Sep 24, 2018;8689511619
Sep 23, 2018;9424533568
Sep 22, 2018;8735598154
Sep 21, 2018;9259195630
Sep 20, 2018;8727272030
Sep 19, 2018;7802686437
Sep 18, 2018;7441364489
Sep 17, 2018;6914958065
Sep 16, 2018;7571131843
Sep 15, 2018;7501797211
Sep 14, 2018;7442769512
Sep 13, 2018;7532573375
Sep 12, 2018;7185175635
Sep 11, 2018;7469286229
Sep 10, 2018;7736585197
Sep 09, 2018;8066549300
Sep 08, 2018;8234073099
Sep 07, 2018;8839072190
Sep 06, 2018;9525272725
Sep 05, 2018;9436084295
Sep 04, 2018;11343701246
Sep 03, 2018;10891303306
Sep 02, 2018;10978028384
Sep 01, 2018;11229793916
Aug 31, 2018;10996018038
Aug 30, 2018;10705270832
Aug 29, 2018;11306346257
Aug 28, 2018;11153009976
Aug 27, 2018;10671680051
Aug 26, 2018;9934473700
Aug 25, 2018;10035002323
Aug 24, 2018;10035877709
Aug 23, 2018;9684523585
Aug 22, 2018;9464172065
Aug 21, 2018;9772833033
Aug 20, 2018;9510618726
Aug 19, 2018;10390378040
Aug 18, 2018;10121329965
Aug 17, 2018;11128096584
Aug 16, 2018;9645350505
Aug 15, 2018;9526777476
Aug 14, 2018;9531521706
Aug 13, 2018;10294008146
Aug 12, 2018;11300302208
Aug 11, 2018;11247186687
Aug 10, 2018;11467248404
Aug 09, 2018;12077322102
Aug 08, 2018;11065314066
Aug 07, 2018;12144231289
Aug 06, 2018;12545633392
Aug 05, 2018;12657873630
Aug 04, 2018;12256768532
Aug 03, 2018;12663901935
Aug 02, 2018;12824400624
Aug 01, 2018;13714656353
Jul 31, 2018;13855361732
Jul 30, 2018;14835923050
Jul 29, 2018;15703480163
Jul 28, 2018;15709922596
Jul 27, 2018;16075563361
Jul 26, 2018;15754243303
Jul 25, 2018;16782389216
Jul 24, 2018;16980135953
Jul 23, 2018;16026121609
Jul 22, 2018;16636671234
Jul 21, 2018;15987919512
Jul 20, 2018;16102826388
Jul 19, 2018;18058423249
Jul 18, 2018;17848168151
Jul 17, 2018;17096367560
Jul 16, 2018;15583172465
Jul 15, 2018;14200113255
Jul 14, 2018;13684061284
Jul 13, 2018;13880318200
Jul 12, 2018;12785458021
Jul 11, 2018;13011012042
Jul 10, 2018;12927376049
Jul 09, 2018;14018610853
Jul 08, 2018;14561243495
Jul 07, 2018;15060409440
Jul 06, 2018;14894083650
Jul 05, 2018;15108040559
Jul 04, 2018;15256970711
Jul 03, 2018;15287860961
Jul 02, 2018;15907934401
Jul 01, 2018;14292798338
Jun 30, 2018;13836801305
Jun 29, 2018;12587409286
Jun 28, 2018;11944459317
Jun 27, 2018;12547226921
Jun 26, 2018;12342881509
Jun 25, 2018;13274132191
Jun 24, 2018;13022327097
Jun 23, 2018;13529175620
Jun 22, 2018;13651530483
Jun 21, 2018;15501353802
Jun 20, 2018;15737477524
Jun 19, 2018;16244411748
Jun 18, 2018;15871422422
Jun 17, 2018;15606732700
Jun 16, 2018;15759724713
Jun 15, 2018;16055820926
Jun 14, 2018;16625791994
Jun 13, 2018;15456171381
Jun 12, 2018;16024148385
Jun 11, 2018;17432990124
Jun 10, 2018;17008705303
Jun 09, 2018;19434302776
Jun 08, 2018;20776073367
Jun 07, 2018;21055671038
Jun 06, 2018;21287009699
Jun 05, 2018;21410658903
Jun 04, 2018;20894755481
Jun 03, 2018;22262475619
Jun 02, 2018;22222274088
Jun 01, 2018;21474933812
May 31, 2018;21740867222
May 30, 2018;20395124560
May 29, 2018;19679594536
May 28, 2018;16545365542
May 27, 2018;18322556074
May 26, 2018;18607489679
May 25, 2018;18984064480
May 24, 2018;19655509156
May 23, 2018;19185494665
May 22, 2018;21396003297
May 21, 2018;24108683535
May 20, 2018;24819535735
May 19, 2018;23572919378
May 18, 2018;23532156999
May 17, 2018;23223738648
May 16, 2018;24281018841
May 15, 2018;24436667135
May 14, 2018;25508872563
May 13, 2018;26690915767
May 12, 2018;25294425096
May 11, 2018;23946421925
May 10, 2018;27663288084
May 09, 2018;29894601410
May 08, 2018;30226987325
May 07, 2018;30676165235
May 06, 2018;32034817623
May 05, 2018;33528191219
May 04, 2018;32947969110
May 03, 2018;34038967210
May 02, 2018;33863714527
May 01, 2018;32617394462
Apr 30, 2018;30764431136
Apr 29, 2018;32709604799
Apr 28, 2018;32065998208
Apr 27, 2018;25995609255
Apr 26, 2018;26584404989
Apr 25, 2018;24461007274
Apr 24, 2018;28003201129
Apr 23, 2018;25525965837
Apr 22, 2018;25265992503
Apr 21, 2018;25712406891
Apr 20, 2018;26431351352
Apr 19, 2018;23870508940
Apr 18, 2018;23008989140
Apr 17, 2018;21605461598
Apr 16, 2018;22788224164
Apr 15, 2018;19644555967
Apr 14, 2018;17822250326
Apr 13, 2018;17741775022
Apr 12, 2018;18567355564
Apr 11, 2018;14674106367
Apr 10, 2018;13873108052
Apr 09, 2018;13371564123
Apr 08, 2018;13674190364
Apr 07, 2018;12992659474
Apr 06, 2018;12526541228
Apr 05, 2018;12839869827
Apr 04, 2018;13456897875
Apr 03, 2018;14802290446
Apr 02, 2018;13398847439
Apr 01, 2018;12917590758
Mar 31, 2018;13358921212
Mar 30, 2018;12612278960
Mar 29, 2018;12645575248
Mar 28, 2018;13802351397
Mar 27, 2018;13301558129
Mar 26, 2018;14415233945
Mar 25, 2018;15851637203
Mar 24, 2018;16246285910
Mar 23, 2018;16268440506
Mar 22, 2018;17272003704
Mar 21, 2018;18306084253
Mar 20, 2018;17457548915
Mar 19, 2018;16798405908
Mar 18, 2018;13281164232
Mar 17, 2018;13162773014
Mar 16, 2018;15236970703
Mar 15, 2018;15695579539
Mar 14, 2018;16866911840
Mar 13, 2018;18858754693
Mar 12, 2018;18879324433
Mar 11, 2018;18874908269
Mar 10, 2018;17724246406
Mar 09, 2018;18824644420
Mar 08, 2018;18651955673
Mar 07, 2018;20576336131
Mar 06, 2018;23989542436
Mar 05, 2018;25096264283
Mar 04, 2018;25360025938
Mar 03, 2018;25049672580
Mar 02, 2018;24739892130
Mar 01, 2018;25616251180
Feb 28, 2018;26348731488
Feb 27, 2018;28046206955
Feb 26, 2018;28398587438
Feb 25, 2018;28876856465
Feb 24, 2018;27108570471
Feb 23, 2018;29089782231
Feb 22, 2018;28629449157
Feb 21, 2018;30759908413
Feb 20, 2018;31758934876
Feb 19, 2018;32793752292
Feb 18, 2018;32303360575
Feb 17, 2018;35173752129
Feb 16, 2018;33789620456
Feb 15, 2018;34146437502
Feb 14, 2018;33904643146
Feb 13, 2018;31891134170
Feb 12, 2018;32830917749
Feb 11, 2018;31578708057
Feb 10, 2018;34661946773
Feb 09, 2018;33360016608
Feb 08, 2018;30243752495
Feb 07, 2018;28552028557
Feb 06, 2018;31275363356
Feb 05, 2018;27313647107
Feb 04, 2018;31646505918
Feb 03, 2018;36613541340
Feb 02, 2018;32065124844
Feb 01, 2018;34829458382
Jan 31, 2018;42831337652
Jan 30, 2018;43509055129
Jan 29, 2018;50944098090
Jan 28, 2018;54758080765
Jan 27, 2018;50391312414
Jan 26, 2018;50863290214
Jan 25, 2018;52004888013
Jan 24, 2018;52217770190
Jan 23, 2018;46745215456
Jan 22, 2018;47269814157
Jan 21, 2018;50810064798
Jan 20, 2018;58628177084
Jan 19, 2018;54077563347
Jan 18, 2018;55150401981
Jan 17, 2018;52589190855
Jan 16, 2018;52241148925
Jan 15, 2018;64703724565
Jan 14, 2018;66692012997
Jan 13, 2018;73497198295
Jan 12, 2018;74821564518
Jan 11, 2018;57614978928
Jan 10, 2018;66793724417
Jan 09, 2018;68454107849
Jan 08, 2018;75258446919
Jan 07, 2018;84426562885
Jan 06, 2018;85986142136
Jan 05, 2018;83821535342
Jan 04, 2018;93500665572
Jan 03, 2018;91221701480
Jan 02, 2018;67203132838
Jan 01, 2018;62571999233
